{
  "mean_score": 0.279,
  "exp_rate": 0.0,
  "details": {
    "_mnt_data1_dy_match_labels_papers_det_test_2201.00332_debug_06.jpg-1539.4840000000002_990.0_3199.5299999999997_1733.9999999999998.jpg": {
      "recall": 0.379,
      "precision": 0.389,
      "F1_score": 0.384
    },
    "_mnt_data1_dy_match_labels_papers_det_test_2201.00332_debug_12.jpg-1024.777_996.0_3718.8740000000003_1356.0.jpg": {
      "recall": 0.506,
      "precision": 0.518,
      "F1_score": 0.512
    },
    "_mnt_data1_dy_match_labels_papers_det_test_2201.00342_debug_14.jpg-1255.04_5232.0_2980.72_5442.0.jpg": {
      "recall": 0.893,
      "precision": 0.714,
      "F1_score": 0.794
    },
    "_mnt_data1_dy_match_labels_papers_det_test_2201.00342_debug_14.jpg-771.68_2196.0_3468.3199999999997_2586.0.jpg": {
      "recall": 0,
      "precision": 0,
      "F1_score": 0
    },
    "_mnt_data1_dy_match_labels_papers_det_test_2201.00342_debug_19.jpg-805.6_1788.0_3561.6_2028.0000000000002.jpg": {
      "recall": 0,
      "precision": 0,
      "F1_score": 0
    },
    "_mnt_data1_dy_match_labels_papers_det_test_2201.00342_debug_19.jpg-996.4_2184.0_3252.08_2484.0.jpg": {
      "recall": 0,
      "precision": 0,
      "F1_score": 0
    },
    "_mnt_data1_dy_match_labels_papers_det_test_2201.00342_debug_24.jpg-966.72_1086.0_3269.04_1614.0.jpg": {
      "recall": 0.804,
      "precision": 0.587,
      "F1_score": 0.679
    },
    "_mnt_data1_dy_match_labels_papers_det_test_2201.00342_debug_31.jpg-1076.96_3660.0_3163.04_4272.0.jpg": {
      "recall": 0,
      "precision": 0,
      "F1_score": 0
    },
    "_mnt_data1_dy_match_labels_papers_det_test_2201.00342_debug_31.jpg-835.2800000000001_2766.0_3553.12_3528.0.jpg": {
      "recall": 0.491,
      "precision": 0.333,
      "F1_score": 0.397
    },
    "_mnt_data1_dy_match_labels_papers_det_test_2201.00343_debug_4.jpg-2935.221_2784.0_3691.052_3000.0.jpg": {
      "recall": 0.889,
      "precision": 0.842,
      "F1_score": 0.865
    },
    "_mnt_data1_dy_match_labels_papers_det_test_2201.00493_debug_4.jpg-915.84_2760.0_3332.6400000000003_2880.0.jpg": {
      "recall": 0.0,
      "precision": 0.0,
      "F1_score": 0.0
    },
    "_mnt_data1_dy_match_labels_papers_det_test_2201.00645_debug_13.jpg-1729.6009999999999_4158.0_3004.7760000000003_4404.0.jpg": {
      "recall": 0.0,
      "precision": 0.0,
      "F1_score": 0.0
    },
    "_mnt_data1_dy_match_labels_papers_det_test_2201.00645_debug_13.jpg-978.4069999999999_1739.9999999999998_3765.244_2046.0000000000002.jpg": {
      "recall": 0.0,
      "precision": 0.0,
      "F1_score": 0.0
    }
  }
}