{
  "mean_score": 0.838,
  "exp_rate": 0.0,
  "details": {
    "_mnt_data1_dy_match_labels_papers_det_test_2201.00342_debug_31.jpg-835.2800000000001_2766.0_3553.12_3528.0.jpg": {
      "recall": 0.912,
      "precision": 0.775,
      "F1_score": 0.838
    }
  }
}