{
  "mean_score": 0.028,
  "exp_rate": 0.02,
  "details": {
    "_mnt_data1_dy_match_labels_papers_det_test_2201.00208_debug_31.jpg-1775.971_5250.0_2777.563_5352.0.jpg": {
      "recall": 0.0,
      "precision": 0.0,
      "F1_score": 0.0
    },
    "_mnt_data1_dy_match_labels_papers_det_test_2201.00208_debug_32.jpg-1173.161_2886.0_3394.284_3138.0.jpg": {
      "recall": 0.0,
      "precision": 0.0,
      "F1_score": 0.0
    },
    "_mnt_data1_dy_match_labels_papers_det_test_2201.00208_debug_32.jpg-1636.8609999999999_3330.0000000000005_2925.947_3504.0.jpg": {
      "recall": 0.0,
      "precision": 0.0,
      "F1_score": 0.0
    },
    "_mnt_data1_dy_match_labels_papers_det_test_2201.00208_debug_35.jpg-1405.011_4470.0_3157.797_4578.0.jpg": {
      "recall": 0.0,
      "precision": 0.0,
      "F1_score": 0.0
    },
    "_mnt_data1_dy_match_labels_papers_det_test_2201.00332_debug_01.jpg-1479.203_1980.0_3264.448_2082.0.jpg": {
      "recall": 0.0,
      "precision": 0.0,
      "F1_score": 0.0
    },
    "_mnt_data1_dy_match_labels_papers_det_test_2201.00332_debug_02.jpg-945.948_2178.0_3997.094_2310.0.jpg": {
      "recall": 0.0,
      "precision": 0.0,
      "F1_score": 0.0
    },
    "_mnt_data1_dy_match_labels_papers_det_test_2201.00332_debug_03.jpg-1734.238_3336.0000000000005_2995.502_3804.0.jpg": {
      "recall": 0,
      "precision": 0,
      "F1_score": 0
    },
    "_mnt_data1_dy_match_labels_papers_det_test_2201.00332_debug_06.jpg-1539.4840000000002_990.0_3199.5299999999997_1733.9999999999998.jpg": {
      "recall": 0,
      "precision": 0,
      "F1_score": 0
    },
    "_mnt_data1_dy_match_labels_papers_det_test_2201.00332_debug_11.jpg-1720.327_5040.0_3014.05_5400.0.jpg": {
      "recall": 0,
      "precision": 0,
      "F1_score": 0
    },
    "_mnt_data1_dy_match_labels_papers_det_test_2201.00332_debug_12.jpg-1024.777_996.0_3718.8740000000003_1356.0.jpg": {
      "recall": 0.0,
      "precision": 0.0,
      "F1_score": 0.0
    },
    "_mnt_data1_dy_match_labels_papers_det_test_2201.00332_debug_17.jpg-1173.161_3120.0_3565.853_3240.0.jpg": {
      "recall": 0.0,
      "precision": 0.0,
      "F1_score": 0.0
    },
    "_mnt_data1_dy_match_labels_papers_det_test_2201.00332_debug_24.jpg-1558.0320000000002_4656.0_3185.619_5118.0.jpg": {
      "recall": 0.0,
      "precision": 0.0,
      "F1_score": 0.0
    },
    "_mnt_data1_dy_match_labels_papers_det_test_2201.00332_debug_27.jpg-876.393_1032.0_3834.799_2112.0.jpg": {
      "recall": 0,
      "precision": 0,
      "F1_score": 0
    },
    "_mnt_data1_dy_match_labels_papers_det_test_2201.00342_debug_03.jpg-1793.52_3114.0_2442.24_3234.0.jpg": {
      "recall": 0.0,
      "precision": 0.0,
      "F1_score": 0.0
    },
    "_mnt_data1_dy_match_labels_papers_det_test_2201.00342_debug_09.jpg-903.12_4704.0_3332.6400000000003_4992.0.jpg": {
      "recall": 0.0,
      "precision": 0.0,
      "F1_score": 0.0
    },
    "_mnt_data1_dy_match_labels_papers_det_test_2201.00342_debug_11.jpg-1611.2_894.0_2628.8_1176.0.jpg": {
      "recall": 0.0,
      "precision": 0.0,
      "F1_score": 0.0
    },
    "_mnt_data1_dy_match_labels_papers_det_test_2201.00342_debug_13.jpg-1738.3999999999999_3012.0_2493.12_3294.0000000000005.jpg": {
      "recall": 0.0,
      "precision": 0.0,
      "F1_score": 0.0
    },
    "_mnt_data1_dy_match_labels_papers_det_test_2201.00342_debug_14.jpg-1255.04_5232.0_2980.72_5442.0.jpg": {
      "recall": 0.0,
      "precision": 0.0,
      "F1_score": 0.0
    },
    "_mnt_data1_dy_match_labels_papers_det_test_2201.00342_debug_14.jpg-771.68_2196.0_3468.3199999999997_2586.0.jpg": {
      "recall": 0,
      "precision": 0,
      "F1_score": 0
    },
    "_mnt_data1_dy_match_labels_papers_det_test_2201.00342_debug_15.jpg-958.24_2454.0_3277.52_2694.0.jpg": {
      "recall": 0.0,
      "precision": 0.0,
      "F1_score": 0.0
    },
    "_mnt_data1_dy_match_labels_papers_det_test_2201.00342_debug_19.jpg-805.6_1788.0_3561.6_2028.0000000000002.jpg": {
      "recall": 0,
      "precision": 0,
      "F1_score": 0
    },
    "_mnt_data1_dy_match_labels_papers_det_test_2201.00342_debug_21.jpg-894.64_5202.0_3341.1200000000003_5436.0.jpg": {
      "recall": 0.0,
      "precision": 0.0,
      "F1_score": 0.0
    },
    "_mnt_data1_dy_match_labels_papers_det_test_2201.00342_debug_24.jpg-826.8000000000001_2076.0_3417.44_3042.0.jpg": {
      "recall": 0,
      "precision": 0,
      "F1_score": 0
    },
    "_mnt_data1_dy_match_labels_papers_det_test_2201.00342_debug_24.jpg-966.72_1086.0_3269.04_1614.0.jpg": {
      "recall": 0,
      "precision": 0,
      "F1_score": 0
    },
    "_mnt_data1_dy_match_labels_papers_det_test_2201.00342_debug_25.jpg-1026.08_2286.0_3213.92_2502.0.jpg": {
      "recall": 0.0,
      "precision": 0.0,
      "F1_score": 0.0
    },
    "_mnt_data1_dy_match_labels_papers_det_test_2201.00342_debug_26.jpg-949.76_3528.0_3137.6_3756.0.jpg": {
      "recall": 0.0,
      "precision": 0.0,
      "F1_score": 0.0
    },
    "_mnt_data1_dy_match_labels_papers_det_test_2201.00342_debug_27.jpg-1365.28_1212.0_2874.7200000000003_1434.0.jpg": {
      "recall": 0.0,
      "precision": 0.0,
      "F1_score": 0.0
    },
    "_mnt_data1_dy_match_labels_papers_det_test_2201.00342_debug_29.jpg-1204.1599999999999_1458.0_3035.8399999999997_1727.9999999999998.jpg": {
      "recall": 0.0,
      "precision": 0.0,
      "F1_score": 0.0
    },
    "_mnt_data1_dy_match_labels_papers_det_test_2201.00342_debug_30.jpg-843.76_4842.0_3531.9199999999996_5418.0.jpg": {
      "recall": 0.0,
      "precision": 0.0,
      "F1_score": 0.0
    },
    "_mnt_data1_dy_match_labels_papers_det_test_2201.00342_debug_31.jpg-1076.96_3660.0_3163.04_4272.0.jpg": {
      "recall": 0.0,
      "precision": 0.0,
      "F1_score": 0.0
    },
    "_mnt_data1_dy_match_labels_papers_det_test_2201.00342_debug_31.jpg-835.2800000000001_2766.0_3553.12_3528.0.jpg": {
      "recall": 0.491,
      "precision": 0.333,
      "F1_score": 0.397
    },
    "_mnt_data1_dy_match_labels_papers_det_test_2201.00342_debug_31.jpg-911.6_1086.0_3319.92_1284.0.jpg": {
      "recall": 0.0,
      "precision": 0.0,
      "F1_score": 0.0
    },
    "_mnt_data1_dy_match_labels_papers_det_test_2201.00342_debug_31.jpg-911.6_2232.0_3319.92_2430.0.jpg": {
      "recall": 0.0,
      "precision": 0.0,
      "F1_score": 0.0
    },
    "_mnt_data1_dy_match_labels_papers_det_test_2201.00342_debug_32.jpg-1123.6000000000001_3786.0_3112.16_4020.0000000000005.jpg": {
      "recall": 0.0,
      "precision": 0.0,
      "F1_score": 0.0
    },
    "_mnt_data1_dy_match_labels_papers_det_test_2201.00342_debug_35.jpg-1471.28_1116.0_2764.48_1356.0.jpg": {
      "recall": 0.0,
      "precision": 0.0,
      "F1_score": 0.0
    },
    "_mnt_data1_dy_match_labels_papers_det_test_2201.00342_debug_40.jpg-648.72_3264.0000000000005_3595.52_3491.9999999999995.jpg": {
      "recall": 0.0,
      "precision": 0.0,
      "F1_score": 0.0
    },
    "_mnt_data1_dy_match_labels_papers_det_test_2201.00342_debug_40.jpg-932.8_5220.0_3307.2000000000003_5436.0.jpg": {
      "recall": 0.0,
      "precision": 0.0,
      "F1_score": 0.0
    },
    "_mnt_data1_dy_match_labels_papers_det_test_2201.00416_debug_04.jpg-1191.709_4002.0_3436.017_4332.0.jpg": {
      "recall": 0,
      "precision": 0,
      "F1_score": 0
    },
    "_mnt_data1_dy_match_labels_papers_det_test_2201.00416_debug_10.jpg-1210.257_4584.0_3412.832_4914.0.jpg": {
      "recall": 0,
      "precision": 0,
      "F1_score": 0
    },
    "_mnt_data1_dy_match_labels_papers_det_test_2201.00416_debug_11.jpg-741.92_4254.0_3793.066_4584.0.jpg": {
      "recall": 0.0,
      "precision": 0.0,
      "F1_score": 0.0
    },
    "_mnt_data1_dy_match_labels_papers_det_test_2201.00446_debug_04.jpg-663.0909999999999_1278.0_1799.156_1542.0.jpg": {
      "recall": 1.0,
      "precision": 1.0,
      "F1_score": 1.0
    },
    "_mnt_data1_dy_match_labels_papers_det_test_2201.00493_debug_4.jpg-915.84_2760.0_3332.6400000000003_2880.0.jpg": {
      "recall": 0.0,